# x_m, y_m, w_tr_right_m, w_tr_left_m
-14.54732, -4.39245, 1.20911, 1.19646
-14.55253, -4.29257, 1.20909, 1.18987
-14.55770, -4.19268, 1.20872, 1.17182
-14.56283, -4.09279, 1.20826, 1.15187
-14.56788, -3.99290, 1.20783, 1.13527
-14.57283, -3.89300, 1.20739, 1.12047
-14.57765, -3.79310, 1.20692, 1.10742
-14.58231, -3.69320, 1.20643, 1.09616
-14.58680, -3.59330, 1.20591, 1.08653
-14.59107, -3.49339, 1.20535, 1.07858
-14.59512, -3.39348, 1.20474, 1.07128
-14.59891, -3.29356, 1.20407, 1.06701
-14.60241, -3.19363, 1.20334, 1.06633
-14.60560, -3.09370, 1.20254, 1.06129
-14.60846, -2.99376, 1.20166, 1.05545
-14.61096, -2.89381, 1.20069, 1.05168
-14.61308, -2.79385, 1.19964, 1.04851
-14.61483, -2.69388, 1.19852, 1.04608
-14.61622, -2.59391, 1.19738, 1.04427
-14.61726, -2.49393, 1.19624, 1.04286
-14.61798, -2.39395, 1.19513, 1.04171
-14.61837, -2.29396, 1.19408, 1.04077
-14.61846, -2.19396, 1.19314, 1.03945
-14.61826, -2.09396, 1.19232, 1.03847
-14.61778, -1.99396, 1.19166, 1.03866
-14.61704, -1.89395, 1.19119, 1.03637
-14.61604, -1.79394, 1.19094, 1.03234
-14.61481, -1.69393, 1.19093, 1.02817
-14.61335, -1.59392, 1.19118, 1.02313
-14.61168, -1.49391, 1.19161, 1.01741
-14.60981, -1.39390, 1.19244, 1.01127
-14.60775, -1.29389, 1.19334, 1.00490
-14.60552, -1.19388, 1.19353, 0.99850
-14.60314, -1.09387, 1.19407, 0.99254
-14.60061, -0.99387, 1.19518, 0.98645
-14.59795, -0.89387, 1.19645, 0.98161
-14.59516, -0.79387, 1.19801, 0.98117
-14.59228, -0.69388, 1.19985, 0.97753
-14.58929, -0.59390, 1.20195, 0.97113
-14.58622, -0.49392, 1.20432, 0.96712
-14.58304, -0.39394, 1.20693, 0.96450
-14.57976, -0.29397, 1.20977, 0.96347
-14.57637, -0.19401, 1.21282, 0.96444
-14.57287, -0.09406, 1.21607, 0.96713
-14.56925, 0.00589, 1.21950, 0.97110
-14.56551, 0.10583, 1.22309, 0.97814
-14.56165, 0.20577, 1.22684, 0.98323
-14.55766, 0.30569, 1.23072, 0.98220
-14.55353, 0.40561, 1.23472, 0.98687
-14.54927, 0.50552, 1.23882, 0.99498
-14.54487, 0.60542, 1.24301, 1.00295
-14.54033, 0.70532, 1.24727, 1.01207
-14.53563, 0.80520, 1.25159, 1.02190
-14.53079, 0.90508, 1.25595, 1.03239
-14.52578, 1.00495, 1.26033, 1.04312
-14.52062, 1.10480, 1.26473, 1.05401
-14.51529, 1.20465, 1.26911, 1.06714
-14.50979, 1.30449, 1.27348, 1.07313
-14.50411, 1.40432, 1.27781, 1.07320
-14.49826, 1.50413, 1.28208, 1.08262
-14.49223, 1.60394, 1.28629, 1.09326
-14.48602, 1.70373, 1.29042, 1.10257
-14.47963, 1.80352, 1.29447, 1.11242
-14.47307, 1.90329, 1.29842, 1.12220
-14.46635, 2.00306, 1.30229, 1.13191
-14.45949, 2.10281, 1.30607, 1.14173
-14.45249, 2.20256, 1.30976, 1.15141
-14.44535, 2.30230, 1.31335, 1.16074
-14.43809, 2.40204, 1.31684, 1.17195
-14.43072, 2.50176, 1.32023, 1.17816
-14.42324, 2.60148, 1.32352, 1.17726
-14.41566, 2.70120, 1.32669, 1.18404
-14.40800, 2.80091, 1.32996, 1.19306
-14.40026, 2.90061, 1.33328, 1.20052
-14.39245, 3.00031, 1.33719, 1.20836
-14.38457, 3.10001, 1.34276, 1.21607
-14.37665, 3.19970, 1.34456, 1.22373
-14.36868, 3.29939, 1.34524, 1.23112
-14.36067, 3.39907, 1.35165, 1.23844
-14.35264, 3.49876, 1.35944, 1.24691
-14.34459, 3.59844, 1.36839, 1.24975
-14.33653, 3.69813, 1.37948, 1.24951
-14.32847, 3.79781, 1.39263, 1.25520
-14.32042, 3.89749, 1.40814, 1.26098
-14.31238, 3.99718, 1.42629, 1.26593
-14.30438, 4.09686, 1.44728, 1.27114
-14.29640, 4.19655, 1.47138, 1.27622
-14.28847, 4.29624, 1.49886, 1.28101
-14.28060, 4.39593, 1.52978, 1.28653
-14.27278, 4.49563, 1.56387, 1.29092
-14.26504, 4.59533, 1.60057, 1.29106
-14.25737, 4.69503, 1.63939, 1.29311
-14.24979, 4.79474, 1.67982, 1.29695
-14.24229, 4.89445, 1.72134, 1.30015
-14.23487, 4.99417, 1.76343, 1.30355
-14.22752, 5.09389, 1.80554, 1.30716
-14.22025, 5.19362, 1.84724, 1.31074
-14.21304, 5.29335, 1.88836, 1.31467
-14.20590, 5.39308, 1.92899, 1.31929
-14.19881, 5.49282, 1.96902, 1.32081
-14.19177, 5.59256, 2.00895, 1.32142
-14.18478, 5.69230, 2.04822, 1.32461
-14.17784, 5.79205, 2.08591, 1.32794
-14.17093, 5.89180, 2.12976, 1.33143
-14.16406, 5.99155, 2.15783, 1.33548
-14.15721, 6.09131, 2.16782, 1.33989
-14.15040, 6.19107, 2.22474, 1.34453
-14.14360, 6.29083, 2.27732, 1.35064
-14.13682, 6.39059, 2.30488, 1.35513
-14.13005, 6.49036, 2.33637, 1.35568
-14.12329, 6.59013, 2.36577, 1.35953
-14.11653, 6.68990, 2.38989, 1.36529
-14.10977, 6.78967, 2.41473, 1.37096
-14.10301, 6.88944, 2.44297, 1.37744
-14.09623, 6.98922, 2.45719, 1.38454
-14.08944, 7.08899, 2.45979, 1.39245
-14.08263, 7.18877, 2.45826, 1.40084
-14.07580, 7.28854, 2.45149, 1.40986
-14.06894, 7.38832, 2.43224, 1.42170
-14.06204, 7.48810, 2.41113, 1.42704
-14.05511, 7.58788, 2.39485, 1.42730
-14.04813, 7.68766, 2.37628, 1.43710
-14.04111, 7.78744, 2.35641, 1.44859
-14.03403, 7.88722, 2.33579, 1.45946
-14.02691, 7.98700, 2.31413, 1.47132
-14.01973, 8.08678, 2.29166, 1.48351
-14.01253, 8.18655, 2.26847, 1.49616
-14.00530, 8.28633, 2.24465, 1.50855
-13.99808, 8.38612, 2.22032, 1.52158
-13.99087, 8.48590, 2.19556, 1.53606
-13.98369, 8.58568, 2.17049, 1.53950
-13.97656, 8.68547, 2.14518, 1.54143
-13.96948, 8.78526, 2.11967, 1.55395
-13.96248, 8.88505, 2.09400, 1.56529
-13.95556, 8.98485, 2.06824, 1.57546
-13.94876, 9.08465, 2.04241, 1.58572
-13.94207, 9.18445, 2.01658, 1.59519
-13.93551, 9.28426, 1.99078, 1.60375
-13.92911, 9.38407, 1.96506, 1.61323
-13.92287, 9.48389, 1.93946, 1.61913
-13.91682, 9.58371, 1.91405, 1.61868
-13.91095, 9.68354, 1.88885, 1.62347
-13.90530, 9.78338, 1.86392, 1.63029
-13.89988, 9.88322, 1.83930, 1.63571
-13.89469, 9.98307, 1.81505, 1.64134
-13.88976, 10.08293, 1.79120, 1.64669
-13.88510, 10.18279, 1.76781, 1.65312
-13.88073, 10.28267, 1.74491, 1.65790
-13.87666, 10.38255, 1.72257, 1.65759
-13.87291, 10.48244, 1.70084, 1.66057
-13.86949, 10.58234, 1.67979, 1.66585
-13.86641, 10.68225, 1.65948, 1.67027
-13.86370, 10.78217, 1.63999, 1.67464
-13.86133, 10.88210, 1.62133, 1.67902
-13.85925, 10.98204, 1.60352, 1.68155
-13.85741, 11.08199, 1.58655, 1.68221
-13.85576, 11.18195, 1.57041, 1.68361
-13.85425, 11.28191, 1.55511, 1.68444
-13.85282, 11.38187, 1.54064, 1.68409
-13.85142, 11.48185, 1.52700, 1.68269
-13.85000, 11.58182, 1.51421, 1.67996
-13.84851, 11.68180, 1.50212, 1.67574
-13.84689, 11.78178, 1.49119, 1.66986
-13.84509, 11.88176, 1.48076, 1.66215
-13.84307, 11.98174, 1.46988, 1.65263
-13.84075, 12.08172, 1.46720, 1.64125
-13.83811, 12.18170, 1.46577, 1.62904
-13.83507, 12.28168, 1.45577, 1.61538
-13.83160, 12.38165, 1.44672, 1.59863
-13.82763, 12.48162, 1.43880, 1.59348
-13.82312, 12.58158, 1.43073, 1.59117
-13.81801, 12.68154, 1.42302, 1.57439
-13.81225, 12.78149, 1.41544, 1.55784
-13.80578, 12.88143, 1.40795, 1.54282
-13.79857, 12.98135, 1.40041, 1.52754
-13.79058, 13.08124, 1.39281, 1.51311
-13.78178, 13.18107, 1.38549, 1.49938
-13.77213, 13.28083, 1.37645, 1.48632
-13.76160, 13.38049, 1.36994, 1.47398
-13.75015, 13.48003, 1.37018, 1.46233
-13.73775, 13.57944, 1.36299, 1.45138
-13.72437, 13.67869, 1.35148, 1.44114
-13.70997, 13.77776, 1.34116, 1.43160
-13.69452, 13.87664, 1.32991, 1.42278
-13.67798, 13.97530, 1.31884, 1.41465
-13.66033, 14.07373, 1.30601, 1.40748
-13.64153, 14.17190, 1.29608, 1.40182
-13.62154, 14.26979, 1.29680, 1.39841
-13.60033, 14.36739, 1.28911, 1.39787
-13.57787, 14.46467, 1.27529, 1.40106
-13.55410, 14.56164, 1.26534, 1.40836
-13.52897, 14.65828, 1.25674, 1.41943
-13.50242, 14.75459, 1.24912, 1.43426
-13.47441, 14.85056, 1.24621, 1.44893
-13.44486, 14.94621, 1.24708, 1.46667
-13.41374, 15.04151, 1.24290, 1.49837
-13.38098, 15.13647, 1.23966, 1.51906
-13.34653, 15.23107, 1.24127, 1.52713
-13.31021, 15.32517, 1.24507, 1.53753
-13.27178, 15.41845, 1.24674, 1.54820
-13.23095, 15.51060, 1.24833, 1.55634
-13.18746, 15.60130, 1.25232, 1.57331
-13.14103, 15.69024, 1.25690, 1.60524
-13.09139, 15.77710, 1.25620, 1.62818
-13.03827, 15.86157, 1.25474, 1.64610
-12.98139, 15.94333, 1.25271, 1.67337
-12.92054, 16.02210, 1.24859, 1.71054
-12.85585, 16.09788, 1.25114, 1.73196
-12.78765, 16.17082, 1.24223, 1.73045
-12.71628, 16.24104, 1.22788, 1.71769
-12.64205, 16.30869, 1.22972, 1.70892
-12.56529, 16.37391, 1.21609, 1.70299
-12.48633, 16.43684, 1.19191, 1.70055
-12.40550, 16.49761, 1.17839, 1.70042
-12.32312, 16.55637, 1.17912, 1.69785
-12.23953, 16.61325, 1.16732, 1.69123
-12.15504, 16.66839, 1.15047, 1.67888
-12.06992, 16.72193, 1.14202, 1.65948
-11.98424, 16.77401, 1.13826, 1.63325
-11.89802, 16.82476, 1.14255, 1.60237
-11.81128, 16.87432, 1.14623, 1.56911
-11.72404, 16.92282, 1.14628, 1.53561
-11.63633, 16.97039, 1.15529, 1.50408
-11.54816, 17.01717, 1.16837, 1.47673
-11.45957, 17.06330, 1.18214, 1.45413
-11.37056, 17.10891, 1.19614, 1.43561
-11.28117, 17.15413, 1.20852, 1.42034
-11.19141, 17.19910, 1.21894, 1.40747
-11.10127, 17.24373, 1.22754, 1.39639
-11.01069, 17.28763, 1.23479, 1.38678
-10.91962, 17.33040, 1.24123, 1.37843
-10.82797, 17.37164, 1.24388, 1.37038
-10.73570, 17.41092, 1.24431, 1.36403
-10.64274, 17.44785, 1.24547, 1.35729
-10.54903, 17.48202, 1.24459, 1.34056
-10.45450, 17.51302, 1.24503, 1.32527
-10.35908, 17.54044, 1.24268, 1.31528
-10.26277, 17.56410, 1.23425, 1.30477
-10.16563, 17.58430, 1.23451, 1.29661
-10.06774, 17.60140, 1.22934, 1.28304
-9.96919, 17.61578, 1.21439, 1.26728
-9.87007, 17.62779, 1.20143, 1.26099
-9.77047, 17.63781, 1.18604, 1.25642
-9.67046, 17.64620, 1.17965, 1.25223
-9.57012, 17.65333, 1.17862, 1.24969
-9.46956, 17.65956, 1.16383, 1.24817
-9.36885, 17.66527, 1.14864, 1.24778
-9.26807, 17.67081, 1.13565, 1.24798
-9.16732, 17.67656, 1.12327, 1.24778
-9.06667, 17.68288, 1.11263, 1.24661
-8.96620, 17.69009, 1.09604, 1.24567
-8.86593, 17.69814, 1.08204, 1.24556
-8.76584, 17.70682, 1.07729, 1.24618
-8.66589, 17.71589, 1.07305, 1.24758
-8.56609, 17.72513, 1.06957, 1.25077
-8.46639, 17.73431, 1.06847, 1.25245
-8.36679, 17.74321, 1.06871, 1.25175
-8.26725, 17.75160, 1.06727, 1.25454
-8.16777, 17.75926, 1.06605, 1.25926
-8.06832, 17.76595, 1.06575, 1.26492
-7.96888, 17.77146, 1.06555, 1.27215
-7.86943, 17.77555, 1.06529, 1.28083
-7.76995, 17.77800, 1.06481, 1.29102
-7.67042, 17.77865, 1.06358, 1.30268
-7.57083, 17.77760, 1.06199, 1.31553
-7.47120, 17.77503, 1.06176, 1.32928
-7.37152, 17.77114, 1.05957, 1.34373
-7.27180, 17.76611, 1.05522, 1.35869
-7.17203, 17.76012, 1.05155, 1.37399
-7.07222, 17.75336, 1.04815, 1.38944
-6.97237, 17.74601, 1.04510, 1.40486
-6.87248, 17.73826, 1.04264, 1.42004
-6.77255, 17.73029, 1.04088, 1.43483
-6.67259, 17.72229, 1.04007, 1.44914
-6.57259, 17.71445, 1.04051, 1.46229
-6.47257, 17.70695, 1.04247, 1.47517
-6.37251, 17.69998, 1.04623, 1.48725
-6.27243, 17.69371, 1.05208, 1.49019
-6.17232, 17.68832, 1.06025, 1.49278
-6.07221, 17.68365, 1.07072, 1.50069
-5.97210, 17.67940, 1.08327, 1.50651
-5.87203, 17.67525, 1.09768, 1.51144
-5.77201, 17.67087, 1.11367, 1.51632
-5.67208, 17.66596, 1.13114, 1.52111
-5.57224, 17.66018, 1.14995, 1.52627
-5.47252, 17.65322, 1.16864, 1.53193
-5.37295, 17.64476, 1.19162, 1.53900
-5.27354, 17.63449, 1.21201, 1.54675
-5.17433, 17.62208, 1.21139, 1.55447
-5.07532, 17.60722, 1.22036, 1.57375
-4.97654, 17.58958, 1.24542, 1.59610
-4.87806, 17.56889, 1.26446, 1.60846
-4.78012, 17.54499, 1.26273, 1.62093
-4.68298, 17.51777, 1.27263, 1.65081
-4.58691, 17.48711, 1.28695, 1.68464
-4.49217, 17.45288, 1.28529, 1.70229
-4.39904, 17.41497, 1.29650, 1.72001
-4.30779, 17.37325, 1.30272, 1.74952
-4.21867, 17.32762, 1.30076, 1.78366
-4.13196, 17.27794, 1.30469, 1.80623
-4.04789, 17.22415, 1.30440, 1.81408
-3.96640, 17.16648, 1.30478, 1.81655
-3.88738, 17.10526, 1.30435, 1.81841
-3.81070, 17.04082, 1.29747, 1.82084
-3.73623, 16.97348, 1.29776, 1.83499
-3.66385, 16.90358, 1.29515, 1.85251
-3.59343, 16.83143, 1.28501, 1.86791
-3.52484, 16.75737, 1.27888, 1.88700
-3.45797, 16.68173, 1.27908, 1.90867
-3.39267, 16.60483, 1.27765, 1.92832
-3.32885, 16.52696, 1.27259, 1.95202
-3.26642, 16.44822, 1.27149, 1.98808
-3.20536, 16.36864, 1.27276, 2.00926
-3.14561, 16.28823, 1.27708, 2.01913
-3.08712, 16.20702, 1.28196, 2.02739
-3.02986, 16.12506, 1.28152, 2.02589
-2.97377, 16.04235, 1.28442, 2.01762
-2.91881, 15.95893, 1.29127, 2.00651
-2.86493, 15.87482, 1.29865, 1.99466
-2.81209, 15.79006, 1.30737, 1.98320
-2.76024, 15.70466, 1.31649, 1.97362
-2.70934, 15.61867, 1.32782, 1.96691
-2.65938, 15.53208, 1.33827, 1.96313
-2.61035, 15.44493, 1.33802, 1.96136
-2.56225, 15.35723, 1.34246, 1.96070
-2.51510, 15.26899, 1.35361, 1.96049
-2.46887, 15.18024, 1.36266, 1.95970
-2.42359, 15.09097, 1.37145, 1.95706
-2.37924, 15.00122, 1.37952, 1.95455
-2.33583, 14.91100, 1.38705, 1.94386
-2.29336, 14.82033, 1.39339, 1.91930
-2.25183, 14.72921, 1.39438, 1.89892
-2.21124, 14.63768, 1.39588, 1.87978
-2.17158, 14.54573, 1.39978, 1.85780
-2.13288, 14.45339, 1.40213, 1.83574
-2.09513, 14.36067, 1.40378, 1.81384
-2.05834, 14.26756, 1.40493, 1.79280
-2.02253, 14.17408, 1.40552, 1.77316
-1.98770, 14.08024, 1.40569, 1.75467
-1.95387, 13.98605, 1.40545, 1.73643
-1.92103, 13.89151, 1.40521, 1.71753
-1.88921, 13.79664, 1.40455, 1.69711
-1.85841, 13.70144, 1.40245, 1.67425
-1.82863, 13.60592, 1.40012, 1.64806
-1.79989, 13.51010, 1.39788, 1.61764
-1.77220, 13.41397, 1.39564, 1.58329
-1.74557, 13.31755, 1.39342, 1.54693
-1.71998, 13.22084, 1.39015, 1.51067
-1.69541, 13.12387, 1.38864, 1.47653
-1.67184, 13.02665, 1.38864, 1.44665
-1.64922, 12.92920, 1.38397, 1.42312
-1.62755, 12.83152, 1.37774, 1.40718
-1.60678, 12.73364, 1.37123, 1.39876
-1.58689, 12.63556, 1.36336, 1.39708
-1.56786, 12.53731, 1.35418, 1.40153
-1.54964, 12.43890, 1.34358, 1.41195
-1.53223, 12.34034, 1.33113, 1.42639
-1.51559, 12.24164, 1.31709, 1.44578
-1.49968, 12.14284, 1.30252, 1.47290
-1.48450, 12.04392, 1.28469, 1.48113
-1.46999, 11.94492, 1.27344, 1.48475
-1.45615, 11.84584, 1.27378, 1.51369
-1.44293, 11.74669, 1.26119, 1.54275
-1.43031, 11.64746, 1.24476, 1.56823
-1.41826, 11.54817, 1.23335, 1.59131
-1.40675, 11.44882, 1.22403, 1.60857
-1.39575, 11.34941, 1.21805, 1.61949
-1.38523, 11.24995, 1.21538, 1.62476
-1.37516, 11.15044, 1.21543, 1.62532
-1.36551, 11.05089, 1.21790, 1.62203
-1.35626, 10.95130, 1.22239, 1.61579
-1.34736, 10.85168, 1.22850, 1.60747
-1.33881, 10.75203, 1.23585, 1.59794
-1.33055, 10.65236, 1.24405, 1.58809
-1.32257, 10.55267, 1.25271, 1.57880
-1.31484, 10.45297, 1.26145, 1.57083
-1.30733, 10.35325, 1.26987, 1.56458
-1.30003, 10.25353, 1.27756, 1.55984
-1.29292, 10.15379, 1.28414, 1.55596
-1.28599, 10.05404, 1.28917, 1.55435
-1.27922, 9.95428, 1.29245, 1.55423
-1.27261, 9.85452, 1.29409, 1.55146
-1.26613, 9.75474, 1.29415, 1.54879
-1.25977, 9.65495, 1.29301, 1.54715
-1.25352, 9.55515, 1.29049, 1.54563
-1.24737, 9.45534, 1.28627, 1.54426
-1.24129, 9.35553, 1.28514, 1.54275
-1.23528, 9.25570, 1.28411, 1.54114
-1.22932, 9.15587, 1.27848, 1.53899
-1.22339, 9.05602, 1.27241, 1.53562
-1.21748, 8.95617, 1.26611, 1.53501
-1.21159, 8.85631, 1.25923, 1.53434
-1.20568, 8.75644, 1.25216, 1.52856
-1.19972, 8.65656, 1.24501, 1.52178
-1.19369, 8.55669, 1.23793, 1.51415
-1.18752, 8.45682, 1.23115, 1.50469
-1.18119, 8.35696, 1.22477, 1.49361
-1.17464, 8.25713, 1.21869, 1.48144
-1.16785, 8.15731, 1.21384, 1.46425
-1.16077, 8.05752, 1.20820, 1.45149
-1.15335, 7.95776, 1.19989, 1.45240
-1.14556, 7.85804, 1.19543, 1.43862
-1.13736, 7.75837, 1.19334, 1.41632
-1.12870, 7.65874, 1.19107, 1.39758
-1.11954, 7.55916, 1.18960, 1.37864
-1.10984, 7.45964, 1.18883, 1.35688
-1.09957, 7.36019, 1.18871, 1.34825
-1.08867, 7.26081, 1.18932, 1.34892
-1.07712, 7.16150, 1.19067, 1.33099
-1.06486, 7.06227, 1.19278, 1.31230
-1.05186, 6.96312, 1.19567, 1.29920
-1.03819, 6.86405, 1.19928, 1.28767
-1.02394, 6.76505, 1.20348, 1.27884
-1.00920, 6.66610, 1.20816, 1.27792
-0.99407, 6.56720, 1.21321, 1.27723
-0.97866, 6.46834, 1.21851, 1.27083
-0.96305, 6.36950, 1.22394, 1.26806
-0.94735, 6.27068, 1.22940, 1.26847
-0.93165, 6.17186, 1.23477, 1.27098
-0.91605, 6.07303, 1.23994, 1.27595
-0.90065, 5.97419, 1.24478, 1.28308
-0.88554, 5.87532, 1.24919, 1.29204
-0.87083, 5.77641, 1.25305, 1.30233
-0.85661, 5.67745, 1.25626, 1.31315
-0.84297, 5.57843, 1.25878, 1.32354
-0.83002, 5.47934, 1.26035, 1.33441
-0.81786, 5.38018, 1.26131, 1.34107
-0.80657, 5.28092, 1.26183, 1.34076
-0.79623, 5.18156, 1.26073, 1.34569
-0.78678, 5.08211, 1.25839, 1.35098
-0.77818, 4.98257, 1.25529, 1.35185
-0.77034, 4.88295, 1.25135, 1.35089
-0.76322, 4.78326, 1.24667, 1.34855
-0.75675, 4.68350, 1.24134, 1.34554
-0.75087, 4.58369, 1.23544, 1.34273
-0.74551, 4.48382, 1.22905, 1.34088
-0.74061, 4.38390, 1.22225, 1.34076
-0.73611, 4.28395, 1.21512, 1.34325
-0.73195, 4.18396, 1.20775, 1.34886
-0.72806, 4.08395, 1.20021, 1.35765
-0.72438, 3.98391, 1.19259, 1.36968
-0.72085, 3.88387, 1.18497, 1.38344
-0.71741, 3.78382, 1.17742, 1.40070
-0.71399, 3.68377, 1.17003, 1.42220
-0.71053, 3.58372, 1.16288, 1.42630
-0.70696, 3.48370, 1.15605, 1.43014
-0.70324, 3.38369, 1.14961, 1.45265
-0.69931, 3.28371, 1.14363, 1.47474
-0.69521, 3.18375, 1.13809, 1.49679
-0.69095, 3.08381, 1.13300, 1.52022
-0.68657, 2.98389, 1.12833, 1.54283
-0.68209, 2.88398, 1.12408, 1.56361
-0.67753, 2.78409, 1.12024, 1.58484
-0.67293, 2.68420, 1.11681, 1.59682
-0.66829, 2.58432, 1.11378, 1.59600
-0.66366, 2.48445, 1.11113, 1.60563
-0.65906, 2.38458, 1.10886, 1.61562
-0.65451, 2.28471, 1.10693, 1.61753
-0.65004, 2.18484, 1.10526, 1.61472
-0.64568, 2.08496, 1.10373, 1.60718
-0.64144, 1.98507, 1.10218, 1.59559
-0.63736, 1.88517, 1.10060, 1.58096
-0.63344, 1.78526, 1.09883, 1.56397
-0.62969, 1.68534, 1.09630, 1.54520
-0.62612, 1.58541, 1.09524, 1.52646
-0.62273, 1.48547, 1.09485, 1.50633
-0.61953, 1.38553, 1.09162, 1.48631
-0.61652, 1.28557, 1.08766, 1.48375
-0.61371, 1.18560, 1.08336, 1.47830
-0.61111, 1.08563, 1.07818, 1.45883
-0.60872, 0.98565, 1.07220, 1.44482
-0.60654, 0.88566, 1.06528, 1.43413
-0.60460, 0.78566, 1.05736, 1.42505
-0.60288, 0.68566, 1.04852, 1.41801
-0.60140, 0.58565, 1.03899, 1.41221
-0.60016, 0.48564, 1.02902, 1.40717
-0.59918, 0.38562, 1.01880, 1.40242
-0.59854, 0.28560, 1.00850, 1.39753
-0.59831, 0.18558, 0.99827, 1.39209
-0.59858, 0.08557, 0.98827, 1.38547
-0.59943, -0.01444, 0.97866, 1.37785
-0.60093, -0.11443, 0.96957, 1.36845
-0.60317, -0.21441, 0.96096, 1.35657
-0.60623, -0.31438, 0.95219, 1.35333
-0.61019, -0.41432, 0.94348, 1.35166
-0.61514, -0.51424, 0.93363, 1.33969
-0.62116, -0.61412, 0.92023, 1.32842
-0.62840, -0.71393, 0.91652, 1.31975
-0.63698, -0.81364, 0.91448, 1.31036
-0.64705, -0.91320, 0.89766, 1.30065
-0.65875, -1.01259, 0.88114, 1.29934
-0.67220, -1.11177, 0.86859, 1.30366
-0.68754, -1.21070, 0.85912, 1.31071
-0.70491, -1.30935, 0.85310, 1.32152
-0.72445, -1.40769, 0.84986, 1.33522
-0.74629, -1.50567, 0.84864, 1.35318
-0.77061, -1.60322, 0.84725, 1.37156
-0.79778, -1.70003, 0.84936, 1.39173
-0.82822, -1.79576, 0.87328, 1.44105
-0.86233, -1.89006, 0.88548, 1.48275
-0.90054, -1.98258, 0.88726, 1.51222
-0.94325, -2.07297, 0.92134, 1.57248
-0.99087, -2.16089, 0.93030, 1.60831
-1.04340, -2.24612, 0.93755, 1.64114
-1.10049, -2.32855, 0.96251, 1.66990
-1.16176, -2.40810, 0.96353, 1.61770
-1.22681, -2.48467, 0.97489, 1.51195
-1.29528, -2.55817, 0.98807, 1.37263
-1.36683, -2.62849, 0.99014, 1.24045
-1.44139, -2.69543, 1.00720, 1.17648
-1.51898, -2.75877, 1.01458, 1.07780
-1.59961, -2.81828, 1.02290, 0.97271
-1.68332, -2.87373, 1.04462, 0.93058
-1.77011, -2.92491, 1.04855, 0.89419
-1.85979, -2.97187, 1.06006, 0.86467
-1.95093, -3.01643, 1.08489, 0.85717
-2.04154, -3.06113, 1.11249, 0.86855
-2.12969, -3.10848, 1.16230, 0.87609
-2.21341, -3.16101, 1.27335, 0.88116
-2.29075, -3.22123, 1.40618, 0.89606
-2.36072, -3.29031, 1.51625, 0.91856
-2.42392, -3.36703, 1.67985, 0.91828
-2.48115, -3.44995, 1.82297, 0.90664
-2.53320, -3.53763, 1.89667, 0.91397
-2.58085, -3.62863, 1.94462, 0.94183
-2.62491, -3.72150, 2.01654, 0.93689
-2.66593, -3.81506, 2.10289, 0.96561
-2.70364, -3.90914, 2.16824, 1.01298
-2.73751, -4.00387, 2.19717, 1.00734
-2.76703, -4.09934, 2.22336, 1.09265
-2.79169, -4.19567, 2.23996, 1.14942
-2.81096, -4.29296, 2.29502, 1.15640
-2.82435, -4.39133, 2.44075, 1.26644
-2.83181, -4.49067, 2.48312, 1.28885
-2.83371, -4.59069, 2.53093, 1.32576
-2.83042, -4.69111, 2.50452, 1.42928
-2.82235, -4.79162, 2.07929, 1.42634
-2.80986, -4.89194, 1.82114, 1.50470
-2.79334, -4.99177, 1.80064, 1.59852
-2.77318, -5.09082, 1.76220, 1.59029
-2.74979, -5.18882, 1.65645, 1.58924
-2.72382, -5.28583, 1.61445, 1.66234
-2.69606, -5.38211, 1.60085, 1.76488
-2.66733, -5.47793, 1.50197, 1.83708
-2.63843, -5.57355, 1.33628, 1.90017
-2.61017, -5.66923, 1.22133, 1.95818
-2.58334, -5.76523, 1.15782, 2.01435
-2.55876, -5.86181, 1.08315, 2.06908
-2.53709, -5.95919, 1.01459, 2.11807
-2.51842, -6.05732, 0.94256, 2.20499
-2.50268, -6.15610, 0.89848, 2.29810
-2.48979, -6.25545, 0.89926, 2.35253
-2.47969, -6.35524, 0.85680, 2.43934
-2.47229, -6.45539, 0.80506, 2.50778
-2.46753, -6.55579, 0.77474, 2.55142
-2.46533, -6.65634, 0.75177, 2.62090
-2.46562, -6.75695, 0.73858, 2.68731
-2.46837, -6.85750, 0.73437, 2.73661
-2.47368, -6.95789, 0.73228, 2.79107
-2.48166, -7.05801, 0.72987, 2.79656
-2.49244, -7.15776, 0.74204, 2.49832
-2.50614, -7.25702, 0.75096, 2.20698
-2.52290, -7.35568, 0.75541, 2.14230
-2.54283, -7.45363, 0.78163, 2.10830
-2.56606, -7.55077, 0.82054, 2.01733
-2.59270, -7.64698, 0.88083, 1.90668
-2.62277, -7.74220, 0.93553, 1.80282
-2.65624, -7.83635, 0.93690, 1.69060
-2.69310, -7.92936, 0.97795, 1.67643
-2.73332, -8.02117, 1.04914, 1.61008
-2.77689, -8.11170, 1.11038, 1.42662
-2.82378, -8.20090, 1.17617, 1.34651
-2.87397, -8.28869, 1.19324, 1.24294
-2.92743, -8.37501, 1.20538, 1.12832
-2.98348, -8.46008, 1.26030, 1.07567
-3.04061, -8.54445, 1.30290, 1.01484
-3.09728, -8.62871, 1.35932, 0.94688
-3.15194, -8.71343, 1.44370, 0.91407
-3.20304, -8.79920, 1.52804, 0.91654
-3.24904, -8.88661, 1.57924, 0.87938
-3.28837, -8.97623, 1.66128, 0.85452
-3.31956, -9.06861, 1.80281, 0.85486
-3.34226, -9.16380, 1.96126, 0.85145
-3.35715, -9.26138, 2.06837, 0.86059
-3.36495, -9.36089, 2.08839, 0.83031
-3.36640, -9.46190, 2.06447, 0.76703
-3.36221, -9.56396, 2.06448, 0.73178
-3.35311, -9.66663, 2.07236, 0.72274
-3.33983, -9.76947, 2.08176, 0.71502
-3.32308, -9.87203, 2.10940, 0.70253
-3.30334, -9.97381, 2.12825, 0.70321
-3.27981, -10.07401, 1.99435, 0.72558
-3.25136, -10.17175, 1.82763, 0.73460
-3.21686, -10.26613, 1.72724, 0.74453
-3.17517, -10.35628, 1.61984, 0.80074
-3.12514, -10.44131, 1.45822, 0.81589
-3.06569, -10.52035, 1.26702, 0.80395
-2.99693, -10.59285, 1.10766, 0.80466
-2.92031, -10.65863, 1.01778, 0.80609
-2.83734, -10.71753, 0.94984, 0.80530
-2.74953, -10.76937, 0.90600, 0.82504
-2.65839, -10.81400, 0.87906, 0.85694
-2.56527, -10.85138, 0.81841, 0.85531
-2.47057, -10.88229, 0.77580, 0.87252
-2.37437, -10.90777, 0.75032, 0.89321
-2.27673, -10.92888, 0.72652, 0.88721
-2.17774, -10.94665, 0.73777, 0.88886
-2.07746, -10.96215, 0.76681, 0.88731
-1.97610, -10.97657, 0.81921, 0.88006
-1.87499, -10.99264, 0.88389, 0.87727
-1.77613, -11.01388, 0.89229, 0.88189
-1.68148, -11.04384, 0.89022, 0.90139
-1.59303, -11.08605, 0.88742, 0.97927
-1.51238, -11.14280, 0.86725, 1.12203
-1.43988, -11.21224, 0.87107, 1.23084
-1.37562, -11.29170, 0.86893, 1.35275
-1.31969, -11.37851, 0.85260, 1.45728
-1.27219, -11.46999, 0.84582, 1.47307
-1.23311, -11.56417, 0.84184, 1.50208
-1.20225, -11.66044, 0.84435, 1.54369
-1.17938, -11.75832, 0.84457, 1.59109
-1.16429, -11.85734, 0.82994, 1.64819
-1.15675, -11.95703, 0.82372, 1.64165
-1.15654, -12.05693, 0.82470, 1.61551
-1.16343, -12.15667, 0.83114, 1.60608
-1.17718, -12.25596, 0.84427, 1.59330
-1.19756, -12.35449, 0.83896, 1.61061
-1.22433, -12.45195, 0.86876, 1.63277
-1.25732, -12.54798, 0.92979, 1.61271
-1.29692, -12.64144, 0.93403, 1.51539
-1.34393, -12.73071, 0.93329, 1.30309
-1.39915, -12.81416, 0.94180, 1.10075
-1.46337, -12.89015, 0.94586, 0.99758
-1.53668, -12.95769, 0.94844, 0.91635
-1.61756, -13.01721, 0.95132, 0.85016
-1.70425, -13.06936, 0.95384, 0.80586
-1.79502, -13.11478, 0.96093, 0.77986
-1.88828, -13.15405, 0.98048, 0.75708
-1.98339, -13.18734, 0.98933, 0.71842
-2.08003, -13.21474, 0.98953, 0.68262
-2.17787, -13.23629, 0.99454, 0.67060
-2.27659, -13.25206, 0.99555, 0.66187
-2.37586, -13.26212, 0.98864, 0.65634
-2.47548, -13.26703, 0.98249, 0.65600
-2.57537, -13.26787, 0.98255, 0.65902
-2.67547, -13.26572, 0.97546, 0.66499
-2.77571, -13.26170, 0.97086, 0.67337
-2.87602, -13.25691, 0.97404, 0.68301
-2.97634, -13.25238, 0.97960, 0.69251
-3.07661, -13.24830, 0.98517, 0.70080
-3.17680, -13.24429, 0.98809, 0.70730
-3.27688, -13.23995, 0.98736, 0.71202
-3.37680, -13.23487, 0.98401, 0.71561
-3.47654, -13.22866, 0.97905, 0.71943
-3.57605, -13.22092, 0.97146, 0.72507
-3.67529, -13.21125, 0.96542, 0.73335
-3.77424, -13.19926, 0.96495, 0.74556
-3.87289, -13.18484, 0.95648, 0.76466
-3.97135, -13.16864, 0.94394, 0.77435
-4.06975, -13.15144, 0.93476, 0.77575
-4.16822, -13.13401, 0.92805, 0.79186
-4.26688, -13.11711, 0.92447, 0.80750
-4.36585, -13.10151, 0.92379, 0.81697
-4.46526, -13.08800, 0.92499, 0.82166
-4.56522, -13.07726, 0.92674, 0.82076
-4.66566, -13.06909, 0.92680, 0.82009
-4.76640, -13.06265, 0.92662, 0.81641
-4.86722, -13.05711, 0.93125, 0.80710
-4.96793, -13.05160, 0.94301, 0.79970
-5.06835, -13.04530, 0.94724, 0.79648
-5.16826, -13.03735, 0.95093, 0.79832
-5.26748, -13.02691, 0.97148, 0.80644
-5.36581, -13.01314, 1.00447, 0.82075
-5.46305, -12.99518, 1.01373, 0.83577
-5.55901, -12.97220, 1.02072, 0.86522
-5.65359, -12.94374, 1.05149, 0.91332
-5.74695, -12.91045, 1.05438, 0.94317
-5.83935, -12.87320, 1.06423, 0.96870
-5.93098, -12.83283, 1.09324, 1.00140
-6.02210, -12.79020, 1.11685, 1.03652
-6.11291, -12.74615, 1.13797, 1.07566
-6.20365, -12.70154, 1.15838, 1.11926
-6.29455, -12.65723, 1.18236, 1.16567
-6.38575, -12.61388, 1.21472, 1.21199
-6.47697, -12.57106, 1.25253, 1.25583
-6.56773, -12.52792, 1.30583, 1.29837
-6.65759, -12.48360, 1.34642, 1.33296
-6.74607, -12.43724, 1.34437, 1.36345
-6.83270, -12.38799, 1.38449, 1.43882
-6.91703, -12.33500, 1.41970, 1.50705
-6.99860, -12.27740, 1.41375, 1.57271
-7.07698, -12.21467, 1.41672, 1.70909
-7.15189, -12.14707, 1.41866, 1.79515
-7.22309, -12.07496, 1.43201, 1.86638
-7.29030, -11.99873, 1.45509, 1.98221
-7.35327, -11.91876, 1.45501, 2.09120
-7.41173, -11.83542, 1.45243, 2.16891
-7.46543, -11.74909, 1.45583, 2.22839
-7.51409, -11.66015, 1.45833, 2.30632
-7.55747, -11.56897, 1.45535, 2.43154
-7.59530, -11.47593, 1.45018, 2.56302
-7.62769, -11.38132, 1.44974, 2.59953
-7.65515, -11.28534, 1.44819, 2.51818
-7.67826, -11.18815, 1.42729, 2.45096
-7.69758, -11.08995, 1.41820, 2.39745
-7.71367, -10.99092, 1.41331, 2.34441
-7.72709, -10.89123, 1.38738, 2.29595
-7.73841, -10.79108, 1.36164, 2.24632
-7.74819, -10.69063, 1.35478, 2.20701
-7.75699, -10.59008, 1.35199, 2.14060
-7.76534, -10.48959, 1.33278, 2.03640
-7.77333, -10.38921, 1.31838, 2.01054
-7.78090, -10.28894, 1.31071, 1.98133
-7.78795, -10.18876, 1.30709, 1.91124
-7.79440, -10.08868, 1.30918, 1.85354
-7.80015, -9.98867, 1.31717, 1.79256
-7.80514, -9.88874, 1.32914, 1.76569
-7.80926, -9.78888, 1.34464, 1.75844
-7.81243, -9.68908, 1.36067, 1.70957
-7.81457, -9.58933, 1.36377, 1.66047
-7.81558, -9.48963, 1.36758, 1.61901
-7.81539, -9.38997, 1.37819, 1.57513
-7.81390, -9.29033, 1.38092, 1.53100
-7.81103, -9.19072, 1.37744, 1.49420
-7.80670, -9.09113, 1.37090, 1.43219
-7.80097, -8.99155, 1.36613, 1.35177
-7.79395, -8.89198, 1.36760, 1.31529
-7.78580, -8.79242, 1.36680, 1.29081
-7.77664, -8.69289, 1.36990, 1.26333
-7.76660, -8.59336, 1.38614, 1.24541
-7.75582, -8.49386, 1.41300, 1.24528
-7.74444, -8.39437, 1.44761, 1.23583
-7.73259, -8.29490, 1.48662, 1.21783
-7.72040, -8.19544, 1.52733, 1.20537
-7.70801, -8.09601, 1.56845, 1.19343
-7.69554, -7.99659, 1.60807, 1.18119
-7.68315, -7.89719, 1.66050, 1.16824
-7.67091, -7.79782, 1.71480, 1.15354
-7.65882, -7.69846, 1.71882, 1.13708
-7.64684, -7.59913, 1.76566, 1.12043
-7.63493, -7.49981, 1.82827, 1.10133
-7.62306, -7.40052, 1.83933, 1.08304
-7.61120, -7.30124, 1.91775, 1.08112
-7.59931, -7.20199, 1.98445, 1.07226
-7.58734, -7.10275, 1.99392, 1.05083
-7.57528, -7.00353, 2.02161, 1.03400
-7.56307, -6.90433, 2.12915, 1.01917
-7.55070, -6.80514, 2.14395, 1.00604
-7.53811, -6.70598, 2.05870, 0.99521
-7.52528, -6.60683, 2.03189, 0.98610
-7.51216, -6.50770, 1.94549, 0.97878
-7.49873, -6.40859, 1.88019, 0.97180
-7.48495, -6.30950, 1.85301, 0.96731
-7.47081, -6.21043, 1.75531, 0.96799
-7.45628, -6.11140, 1.72360, 0.96385
-7.44135, -6.01241, 1.67926, 0.95682
-7.42601, -5.91348, 1.58833, 0.95143
-7.41025, -5.81461, 1.58168, 0.94598
-7.39406, -5.71581, 1.52716, 0.94058
-7.37741, -5.61710, 1.43086, 0.93533
-7.36030, -5.51848, 1.35942, 0.93005
-7.34271, -5.41996, 1.29717, 0.92474
-7.32462, -5.32156, 1.24751, 0.91931
-7.30603, -5.22327, 1.21112, 0.91348
-7.28692, -5.12512, 1.18381, 0.90726
-7.26728, -5.02712, 1.16351, 0.90071
-7.24709, -4.92926, 1.14777, 0.89144
-7.22634, -4.83156, 1.13552, 0.88601
-7.20502, -4.73403, 1.12624, 0.88645
-7.18311, -4.63669, 1.11917, 0.87753
-7.16060, -4.53951, 1.11756, 0.86657
-7.13751, -4.44250, 1.11737, 0.85922
-7.11384, -4.34563, 1.11335, 0.85453
-7.08958, -4.24889, 1.11151, 0.85429
-7.06474, -4.15226, 1.11195, 0.85927
-7.03934, -4.05573, 1.11354, 0.86913
-7.01336, -3.95927, 1.11638, 0.88294
-6.98681, -3.86288, 1.12010, 0.89982
-6.95970, -3.76654, 1.12440, 0.91922
-6.93204, -3.67024, 1.12902, 0.93962
-6.90382, -3.57395, 1.13367, 0.96055
-6.87504, -3.47766, 1.13807, 0.98467
-6.84572, -3.38136, 1.14193, 0.99490
-6.81585, -3.28504, 1.14497, 0.99604
-6.78531, -3.18877, 1.14720, 1.01402
-6.75391, -3.09272, 1.14945, 1.03155
-6.72146, -2.99705, 1.15070, 1.04938
-6.68774, -2.90191, 1.15068, 1.06907
-6.65256, -2.80747, 1.15101, 1.09165
-6.61571, -2.71388, 1.15181, 1.16416
-6.57701, -2.62131, 1.15433, 1.24518
-6.53624, -2.52991, 1.15766, 1.29032
-6.49320, -2.43985, 1.15810, 1.33617
-6.44770, -2.35128, 1.15863, 1.41840
-6.39953, -2.26437, 1.16166, 1.49188
-6.34850, -2.17927, 1.16492, 1.51755
-6.29443, -2.09613, 1.16331, 1.54149
-6.23743, -2.01488, 1.16150, 1.57127
-6.17780, -1.93533, 1.16213, 1.58970
-6.11585, -1.85730, 1.16295, 1.58670
-6.05189, -1.78058, 1.16098, 1.57741
-5.98621, -1.70500, 1.16000, 1.56117
-5.91912, -1.63034, 1.16205, 1.53670
-5.85092, -1.55642, 1.16652, 1.50666
-5.78192, -1.48306, 1.17388, 1.47291
-5.71241, -1.41004, 1.18445, 1.43746
-5.64272, -1.33719, 1.19848, 1.40244
-5.57313, -1.26431, 1.21628, 1.36988
-5.50393, -1.19121, 1.23804, 1.34145
-5.43525, -1.11780, 1.26414, 1.31817
-5.36719, -1.04399, 1.29395, 1.29314
-5.29981, -0.96972, 1.32742, 1.26578
-5.23321, -0.89491, 1.36662, 1.26308
-5.16746, -0.81948, 1.40010, 1.25041
-5.10265, -0.74337, 1.45080, 1.20823
-5.03885, -0.66649, 1.54713, 1.16095
-4.97614, -0.58876, 1.61171, 1.10991
-4.91462, -0.51013, 1.66952, 1.05319
-4.85435, -0.43051, 1.72738, 1.01297
-4.79542, -0.34982, 1.73476, 1.01275
-4.73792, -0.26800, 1.78267, 0.99077
-4.68192, -0.18499, 1.87638, 0.95860
-4.62750, -0.10080, 1.95330, 0.94926
-4.57475, -0.01547, 1.98036, 0.95009
-4.52374, 0.07096, 2.03378, 0.94607
-4.47457, 0.15846, 2.16785, 0.94424
-4.42730, 0.24699, 2.30601, 0.95051
-4.38203, 0.33652, 2.27872, 0.95161
-4.33883, 0.42700, 2.18908, 0.95444
-4.29778, 0.51842, 2.12196, 0.96547
-4.25897, 0.61072, 2.07674, 0.97856
-4.22248, 0.70388, 2.03069, 0.97980
-4.18836, 0.79786, 1.99135, 0.98490
-4.15656, 0.89260, 1.94048, 1.00112
-4.12698, 0.98806, 1.86806, 1.01704
-4.09949, 1.08418, 1.82535, 1.01869
-4.07401, 1.18091, 1.79468, 1.02414
-4.05042, 1.27820, 1.76104, 1.04164
-4.02862, 1.37598, 1.73126, 1.05830
-4.00850, 1.47422, 1.70257, 1.06160
-3.98996, 1.57285, 1.67972, 1.06888
-3.97290, 1.67182, 1.65065, 1.08621
-3.95719, 1.77109, 1.60418, 1.10423
-3.94275, 1.87059, 1.57627, 1.12932
-3.92947, 1.97027, 1.55817, 1.14102
-3.91724, 2.07008, 1.53648, 1.14382
-3.90597, 2.16997, 1.51620, 1.16842
-3.89569, 2.26992, 1.49547, 1.20003
-3.88647, 2.36992, 1.47823, 1.23236
-3.87837, 2.46994, 1.45671, 1.27581
-3.87144, 2.56998, 1.41834, 1.32989
-3.86575, 2.67002, 1.39295, 1.33845
-3.86136, 2.77004, 1.37788, 1.35420
-3.85834, 2.87003, 1.36002, 1.41879
-3.85674, 2.96998, 1.34385, 1.48314
-3.85662, 3.06986, 1.33119, 1.56416
-3.85806, 3.16968, 1.31527, 1.61910
-3.86110, 3.26940, 1.29666, 1.61482
-3.86582, 3.36902, 1.28977, 1.61286
-3.87222, 3.46852, 1.28766, 1.68052
-3.88022, 3.56792, 1.28671, 1.74253
-3.88969, 3.66722, 1.28853, 1.75122
-3.90050, 3.76643, 1.29227, 1.83088
-3.91252, 3.86556, 1.29748, 1.87559
-3.92564, 3.96461, 1.30426, 1.89691
-3.93972, 4.06360, 1.31182, 1.97743
-3.95464, 4.16254, 1.31875, 2.04996
-3.97027, 4.26143, 1.33239, 2.10365
-3.98650, 4.36029, 1.34792, 2.16387
-4.00319, 4.45912, 1.35564, 2.23661
-4.02022, 4.55793, 1.36342, 2.27591
-4.03746, 4.65673, 1.37198, 2.29956
-4.05480, 4.75552, 1.37978, 2.32474
-4.07209, 4.85433, 1.38743, 2.34438
-4.08923, 4.95316, 1.39586, 2.36015
-4.10608, 5.05201, 1.39927, 2.37238
-4.12254, 5.15089, 1.39972, 2.38136
-4.13859, 5.24981, 1.40577, 2.38761
-4.15424, 5.34876, 1.41176, 2.38911
-4.16951, 5.44774, 1.41659, 2.38986
-4.18439, 5.54676, 1.42142, 2.39159
-4.19890, 5.64581, 1.42593, 2.39171
-4.21305, 5.74489, 1.43022, 2.39472
-4.22684, 5.84400, 1.43441, 2.40163
-4.24028, 5.94315, 1.43855, 2.41333
-4.25338, 6.04232, 1.44269, 2.42978
-4.26616, 6.14152, 1.44692, 2.43693
-4.27861, 6.24075, 1.45132, 2.44502
-4.29075, 6.34001, 1.45591, 2.46369
-4.30259, 6.43929, 1.46064, 2.48037
-4.31413, 6.53860, 1.46532, 2.50112
-4.32538, 6.63794, 1.46978, 2.51828
-4.33636, 6.73730, 1.47384, 2.51936
-4.34706, 6.83668, 1.47733, 2.50817
-4.35750, 6.93609, 1.48006, 2.49561
-4.36769, 7.03553, 1.48185, 2.46952
-4.37764, 7.13498, 1.48254, 2.42205
-4.38734, 7.23446, 1.48206, 2.38282
-4.39683, 7.33396, 1.48075, 2.34347
-4.40609, 7.43349, 1.47830, 2.29722
-4.41514, 7.53303, 1.47538, 2.24850
-4.42399, 7.63259, 1.47519, 2.19684
-4.43264, 7.73217, 1.47353, 2.14559
-4.44112, 7.83177, 1.46924, 2.08955
-4.44944, 7.93138, 1.46543, 2.03376
-4.45762, 8.03101, 1.46177, 2.01812
-4.46569, 8.13065, 1.45837, 1.99044
-4.47368, 8.23031, 1.45552, 1.93142
-4.48160, 8.32997, 1.45323, 1.88072
-4.48948, 8.42963, 1.45145, 1.82460
-4.49735, 8.52931, 1.45012, 1.79719
-4.50522, 8.62898, 1.44919, 1.78987
-4.51313, 8.72866, 1.44859, 1.74284
-4.52110, 8.82833, 1.44826, 1.69609
-4.52914, 8.92800, 1.44816, 1.65250
-4.53729, 9.02767, 1.44822, 1.61763
-4.54556, 9.12732, 1.44844, 1.61735
-4.55399, 9.22697, 1.44886, 1.59461
-4.56259, 9.32661, 1.44951, 1.55364
-4.57139, 9.42624, 1.45044, 1.52199
-4.58041, 9.52585, 1.45167, 1.49067
-4.58968, 9.62544, 1.45323, 1.45923
-4.59921, 9.72502, 1.45519, 1.42965
-4.60905, 9.82457, 1.45755, 1.39930
-4.61920, 9.92410, 1.46031, 1.36587
-4.62969, 10.02361, 1.46383, 1.35686
-4.64055, 10.12309, 1.46720, 1.35112
-4.65179, 10.22254, 1.47160, 1.31855
-4.66345, 10.32196, 1.48174, 1.28863
-4.67554, 10.42135, 1.49025, 1.26203
-4.68806, 10.52068, 1.49565, 1.23627
-4.70104, 10.61997, 1.50235, 1.21297
-4.71447, 10.71919, 1.50929, 1.18993
-4.72838, 10.81834, 1.51630, 1.18199
-4.74278, 10.91742, 1.52348, 1.17947
-4.75768, 11.01641, 1.53067, 1.16129
-4.77308, 11.11531, 1.53781, 1.14677
-4.78900, 11.21410, 1.54481, 1.13799
-4.80546, 11.31278, 1.55160, 1.13123
-4.82246, 11.41135, 1.55810, 1.12734
-4.84002, 11.50979, 1.56411, 1.12690
-4.85815, 11.60810, 1.56943, 1.12528
-4.87685, 11.70626, 1.57354, 1.12139
-4.89615, 11.80427, 1.57615, 1.11950
-4.91605, 11.90213, 1.57807, 1.11853
-4.93656, 11.99982, 1.57434, 1.11763
-4.95772, 12.09733, 1.56485, 1.11703
-4.97959, 12.19467, 1.55739, 1.11681
-5.00226, 12.29184, 1.55062, 1.11499
-5.02580, 12.38882, 1.54466, 1.11311
-5.05028, 12.48563, 1.54103, 1.11571
-5.07579, 12.58225, 1.54007, 1.12423
-5.10240, 12.67868, 1.54184, 1.12638
-5.13019, 12.77494, 1.54473, 1.12939
-5.15923, 12.87100, 1.54996, 1.14352
-5.18962, 12.96687, 1.56175, 1.16214
-5.22141, 13.06255, 1.56977, 1.19181
-5.25473, 13.15796, 1.57297, 1.21076
-5.28976, 13.25289, 1.57677, 1.20874
-5.32670, 13.34711, 1.57996, 1.23122
-5.36572, 13.44040, 1.58204, 1.27063
-5.40703, 13.53253, 1.58299, 1.29134
-5.45082, 13.62327, 1.58331, 1.28778
-5.49727, 13.71240, 1.58425, 1.31403
-5.54657, 13.79968, 1.58540, 1.32777
-5.59893, 13.88490, 1.58761, 1.32677
-5.65451, 13.96782, 1.59169, 1.34641
-5.71353, 14.04822, 1.59450, 1.34786
-5.77617, 14.12587, 1.59519, 1.34403
-5.84247, 14.20062, 1.59217, 1.34503
-5.91224, 14.27242, 1.58179, 1.33838
-5.98524, 14.34123, 1.56207, 1.33175
-6.06124, 14.40704, 1.54608, 1.33678
-6.14001, 14.46981, 1.53143, 1.33267
-6.22134, 14.52950, 1.49983, 1.29601
-6.30497, 14.58610, 1.46287, 1.29349
-6.39069, 14.63957, 1.43906, 1.27541
-6.47827, 14.68988, 1.42095, 1.22955
-6.56749, 14.73700, 1.38469, 1.23287
-6.65817, 14.78093, 1.36109, 1.20561
-6.75017, 14.82165, 1.33411, 1.16058
-6.84333, 14.85915, 1.29265, 1.14320
-6.93748, 14.89344, 1.27089, 1.13876
-7.03248, 14.92449, 1.25783, 1.13767
-7.12816, 14.95231, 1.23840, 1.13350
-7.22437, 14.97689, 1.21507, 1.13177
-7.32104, 14.99835, 1.20436, 1.14597
-7.41823, 15.01700, 1.19914, 1.14736
-7.51598, 15.03316, 1.19002, 1.15323
-7.61436, 15.04715, 1.17710, 1.17990
-7.71342, 15.05928, 1.16879, 1.18239
-7.81324, 15.06989, 1.16189, 1.19957
-7.91385, 15.07929, 1.15425, 1.24555
-8.01534, 15.08781, 1.14676, 1.29950
-8.11774, 15.09575, 1.13882, 1.36294
-8.22094, 15.10303, 1.13222, 1.45623
-8.32448, 15.10874, 1.12404, 1.52050
-8.42785, 15.11192, 1.11207, 1.51889
-8.53055, 15.11159, 1.10532, 1.60022
-8.63209, 15.10677, 1.10008, 1.65739
-8.73196, 15.09650, 1.09472, 1.65056
-8.82965, 15.07979, 1.09597, 1.65922
-8.92468, 15.05567, 1.11076, 1.61194
-9.01653, 15.02317, 1.14157, 1.57696
-9.10475, 14.98144, 1.20350, 1.59026
-9.18920, 14.93085, 1.29798, 1.58992
-9.26996, 14.87249, 1.35036, 1.58584
-9.34711, 14.80745, 1.38199, 1.58288
-9.42072, 14.73683, 1.41773, 1.57873
-9.49087, 14.66171, 1.44082, 1.57550
-9.55763, 14.58319, 1.50855, 1.57657
-9.62108, 14.50236, 1.57672, 1.57292
-9.68128, 14.42008, 1.61912, 1.56407
-9.73834, 14.33650, 1.69619, 1.56340
-9.79233, 14.25162, 1.74540, 1.55460
-9.84333, 14.16547, 1.78121, 1.54273
-9.89144, 14.07806, 1.84026, 1.54176
-9.93674, 13.98941, 1.88154, 1.54605
-9.97930, 13.89951, 1.86144, 1.53349
-10.01923, 13.80841, 1.81297, 1.50503
-10.05660, 13.71610, 1.78495, 1.48320
-10.09148, 13.62266, 1.75911, 1.48214
-10.12395, 13.52819, 1.72342, 1.46189
-10.15407, 13.43277, 1.69203, 1.43938
-10.18192, 13.33650, 1.68044, 1.44007
-10.20757, 13.23946, 1.67183, 1.40886
-10.23107, 13.14174, 1.65018, 1.39490
-10.25252, 13.04344, 1.62381, 1.39354
-10.27197, 12.94465, 1.60826, 1.35700
-10.28950, 12.84546, 1.59229, 1.32310
-10.30517, 12.74596, 1.57837, 1.28961
-10.31905, 12.64623, 1.56109, 1.26543
-10.33123, 12.54638, 1.53374, 1.26485
-10.34175, 12.44648, 1.51946, 1.24253
-10.35073, 12.34661, 1.51303, 1.20549
-10.35831, 12.24676, 1.50580, 1.18464
-10.36464, 12.14692, 1.50041, 1.18651
-10.36988, 12.04710, 1.49541, 1.16750
-10.37419, 11.94726, 1.49176, 1.13779
-10.37772, 11.84742, 1.48586, 1.11648
-10.38064, 11.74755, 1.47168, 1.09688
-10.38309, 11.64766, 1.45928, 1.08040
-10.38523, 11.54773, 1.44751, 1.06602
-10.38722, 11.44775, 1.43156, 1.05615
-10.38922, 11.34772, 1.41286, 1.05564
-10.39137, 11.24763, 1.39199, 1.04975
-10.39384, 11.14747, 1.36964, 1.04064
-10.39659, 11.04724, 1.34681, 1.03655
-10.39943, 10.94697, 1.32463, 1.03455
-10.40214, 10.84668, 1.30430, 1.03426
-10.40453, 10.74640, 1.28651, 1.03573
-10.40639, 10.64614, 1.27136, 1.03803
-10.40752, 10.54594, 1.25848, 1.03943
-10.40770, 10.44581, 1.24758, 1.03954
-10.40673, 10.34578, 1.23847, 1.03926
-10.40441, 10.24587, 1.23075, 1.03950
-10.40052, 10.14611, 1.22384, 1.04002
-10.39488, 10.04651, 1.21942, 1.04086
-10.38726, 9.94710, 1.21206, 1.04014
-10.37747, 9.84791, 1.19784, 1.03610
-10.36545, 9.74893, 1.18893, 1.03154
-10.35141, 9.65016, 1.18286, 1.03117
-10.33554, 9.55158, 1.17657, 1.03083
-10.31805, 9.45315, 1.17182, 1.02378
-10.29916, 9.35488, 1.16831, 1.01816
-10.27907, 9.25674, 1.16812, 1.01487
-10.25799, 9.15870, 1.17116, 1.01365
-10.23613, 9.06076, 1.17447, 1.01510
-10.21370, 8.96289, 1.17777, 1.01372
-10.19089, 8.86508, 1.18031, 1.01230
-10.16776, 8.76734, 1.18122, 1.01428
-10.14416, 8.66974, 1.18001, 1.01820
-10.11995, 8.57233, 1.17602, 1.02333
-10.09500, 8.47519, 1.16920, 1.03201
-10.06916, 8.37836, 1.16025, 1.04002
-10.04230, 8.28191, 1.15053, 1.03879
-10.01427, 8.18590, 1.14164, 1.04209
-9.98492, 8.09040, 1.13382, 1.05257
-9.95413, 7.99546, 1.13000, 1.06168
-9.92175, 7.90114, 1.13547, 1.06351
-9.88764, 7.80751, 1.14386, 1.06817
-9.85167, 7.71463, 1.15315, 1.07668
-9.81385, 7.62245, 1.16465, 1.08533
-9.77434, 7.53087, 1.17668, 1.09559
-9.73330, 7.43976, 1.18819, 1.09782
-9.69088, 7.34900, 1.19807, 1.09696
-9.64725, 7.25848, 1.20532, 1.10246
-9.60257, 7.16807, 1.20925, 1.10682
-9.55715, 7.07768, 1.20688, 1.10973
-9.51154, 6.98719, 1.20345, 1.11312
-9.46628, 6.89652, 1.20377, 1.11854
-9.42189, 6.80556, 1.19739, 1.12811
-9.37894, 6.71422, 1.18769, 1.14279
-9.33796, 6.62241, 1.17437, 1.16659
-9.29949, 6.53003, 1.15853, 1.19963
-9.26408, 6.43698, 1.15972, 1.23241
-9.23227, 6.34316, 1.14660, 1.30720
-9.20460, 6.24849, 1.12516, 1.39713
-9.18162, 6.15286, 1.12826, 1.43429
-9.16357, 6.05622, 1.09804, 1.49481
-9.15010, 5.95867, 1.07725, 1.55205
-9.14074, 5.86030, 1.07715, 1.57621
-9.13505, 5.76120, 1.03608, 1.60545
-9.13258, 5.66146, 0.99057, 1.66232
-9.13286, 5.56119, 0.95105, 1.71277
-9.13545, 5.46047, 0.91085, 1.73672
-9.13989, 5.35941, 0.87342, 1.76210
-9.14573, 5.25809, 0.83879, 1.78549
-9.15252, 5.15662, 0.80692, 1.80448
-9.15981, 5.05508, 0.77816, 1.82061
-9.16713, 4.95358, 0.75263, 1.83338
-9.17405, 4.85221, 0.73057, 1.84277
-9.18017, 4.75105, 0.71202, 1.84903
-9.18556, 4.65012, 0.69675, 1.85247
-9.19039, 4.54941, 0.68442, 1.85367
-9.19485, 4.44891, 0.67489, 1.85408
-9.19911, 4.34862, 0.66803, 1.85346
-9.20335, 4.24853, 0.66372, 1.85090
-9.20777, 4.14863, 0.66192, 1.84703
-9.21254, 4.04892, 0.66208, 1.84201
-9.21783, 3.94939, 0.66514, 1.83516
-9.22385, 3.85004, 0.66994, 1.82700
-9.23076, 3.75085, 0.67014, 1.81938
-9.23874, 3.65182, 0.67205, 1.80039
-9.24799, 3.55295, 0.67839, 1.77481
-9.25867, 3.45422, 0.68552, 1.75733
-9.27097, 3.35564, 0.69398, 1.73847
-9.28490, 3.25718, 0.70396, 1.71774
-9.30027, 3.15883, 0.71547, 1.69748
-9.31693, 3.06058, 0.72879, 1.67764
-9.33470, 2.96241, 0.74416, 1.65896
-9.35342, 2.86429, 0.76165, 1.64099
-9.37290, 2.76621, 0.78119, 1.62387
-9.39298, 2.66816, 0.80262, 1.60703
-9.41348, 2.57012, 0.82577, 1.58598
-9.43423, 2.47206, 0.85049, 1.57663
-9.45507, 2.37398, 0.87662, 1.57630
-9.47581, 2.27585, 0.90400, 1.55612
-9.49629, 2.17765, 0.93249, 1.53101
-9.51634, 2.07938, 0.96193, 1.50533
-9.53578, 1.98101, 0.99254, 1.47368
-9.55444, 1.88252, 1.02473, 1.43570
-9.57216, 1.78390, 1.05813, 1.39403
-9.58875, 1.68513, 1.09532, 1.33447
-9.60418, 1.58620, 1.13328, 1.27602
-9.61847, 1.48713, 1.16822, 1.27547
-9.63166, 1.38793, 1.24247, 1.23878
-9.64380, 1.28861, 1.32293, 1.15912
-9.65493, 1.18917, 1.36419, 1.09119
-9.66509, 1.08962, 1.40918, 1.02469
-9.67432, 0.98998, 1.44951, 0.96183
-9.68267, 0.89026, 1.50205, 0.90783
-9.69016, 0.79045, 1.57869, 0.86287
-9.69685, 0.69059, 1.61811, 0.82622
-9.70278, 0.59066, 1.64146, 0.81616
-9.70798, 0.49069, 1.66679, 0.81641
-9.71250, 0.39068, 1.68449, 0.79971
-9.71637, 0.29065, 1.69754, 0.79825
-9.71965, 0.19060, 1.69175, 0.81437
-9.72237, 0.09053, 1.66474, 0.83882
-9.72457, -0.00953, 1.62903, 0.87030
-9.72629, -0.10958, 1.58278, 0.91136
-9.72759, -0.20962, 1.52562, 0.92851
-9.72852, -0.30965, 1.46813, 0.93006
-9.72912, -0.40968, 1.41212, 0.96501
-9.72945, -0.50970, 1.31456, 1.00431
-9.72955, -0.60971, 1.23456, 1.04132
-9.72947, -0.70972, 1.20662, 1.08238
-9.72927, -0.80972, 1.17633, 1.12573
-9.72900, -0.90971, 1.14767, 1.17175
-9.72870, -1.00970, 1.12296, 1.21907
-9.72843, -1.10969, 1.09792, 1.26514
-9.72823, -1.20967, 1.07203, 1.30762
-9.72815, -1.30965, 1.04501, 1.34418
-9.72826, -1.40962, 1.01722, 1.37227
-9.72859, -1.50960, 0.98942, 1.39055
-9.72919, -1.60957, 0.96221, 1.39990
-9.73012, -1.70954, 0.93597, 1.40165
-9.73142, -1.80951, 0.91198, 1.39804
-9.73315, -1.90947, 0.89001, 1.38973
-9.73529, -2.00944, 0.86913, 1.37669
-9.73782, -2.10941, 0.86301, 1.37300
-9.74074, -2.20937, 0.86095, 1.37081
-9.74400, -2.30933, 0.84625, 1.35584
-9.74761, -2.40928, 0.83524, 1.34221
-9.75153, -2.50922, 0.82826, 1.33193
-9.75574, -2.60916, 0.82261, 1.32373
-9.76023, -2.70909, 0.81882, 1.31803
-9.76497, -2.80902, 0.81617, 1.31429
-9.76994, -2.90893, 0.81415, 1.31210
-9.77513, -3.00883, 0.81230, 1.31112
-9.78051, -3.10872, 0.81011, 1.31098
-9.78607, -3.20859, 0.80710, 1.31136
-9.79177, -3.30845, 0.80272, 1.31165
-9.79761, -3.40829, 0.79672, 1.31134
-9.80356, -3.50812, 0.78932, 1.31027
-9.80960, -3.60793, 0.78101, 1.30869
-9.81571, -3.70772, 0.77225, 1.30647
-9.82187, -3.80750, 0.76352, 1.30331
-9.82806, -3.90725, 0.75528, 1.29901
-9.83428, -4.00698, 0.74797, 1.29345
-9.84059, -4.10670, 0.74200, 1.28624
-9.84704, -4.20640, 0.73775, 1.27762
-9.85368, -4.30609, 0.73546, 1.26764
-9.86056, -4.40577, 0.73504, 1.25264
-9.86775, -4.50544, 0.73631, 1.24437
-9.87530, -4.60512, 0.73911, 1.24417
-9.88326, -4.70479, 0.74326, 1.22852
-9.89168, -4.80447, 0.74862, 1.20796
-9.90063, -4.90416, 0.75498, 1.18847
-9.91015, -5.00386, 0.76222, 1.16781
-9.92030, -5.10357, 0.77025, 1.14759
-9.93113, -5.20329, 0.77834, 1.12861
-9.94272, -5.30302, 0.78784, 1.11156
-9.95514, -5.40269, 0.79693, 1.09736
-9.96846, -5.50227, 0.79748, 1.08686
-9.98278, -5.60172, 0.80076, 1.08058
-9.99816, -5.70097, 0.80956, 1.07839
-10.01470, -5.79999, 0.81670, 1.07968
-10.03246, -5.89872, 0.82349, 1.08393
-10.05154, -5.99712, 0.83000, 1.09060
-10.07200, -6.09515, 0.83580, 1.09915
-10.09394, -6.19276, 0.84090, 1.10904
-10.11742, -6.28989, 0.84509, 1.11973
-10.14253, -6.38650, 0.84850, 1.13066
-10.16936, -6.48255, 0.85046, 1.14130
-10.19797, -6.57799, 0.85006, 1.15112
-10.22844, -6.67277, 0.84840, 1.15975
-10.26067, -6.76693, 0.84568, 1.16737
-10.29446, -6.86056, 0.84183, 1.17433
-10.32959, -6.95372, 0.83709, 1.18091
-10.36586, -7.04651, 0.83157, 1.18742
-10.40306, -7.13901, 0.82538, 1.19418
-10.44099, -7.23130, 0.81864, 1.20145
-10.47944, -7.32346, 0.81148, 1.20953
-10.51820, -7.41558, 0.80400, 1.21892
-10.55706, -7.50773, 0.79632, 1.22915
-10.59582, -7.60000, 0.78857, 1.24099
-10.63427, -7.69247, 0.78084, 1.25461
-10.67220, -7.78522, 0.77345, 1.25752
-10.70941, -7.87834, 0.76689, 1.25807
-10.74568, -7.97191, 0.76174, 1.26748
-10.78082, -8.06601, 0.75854, 1.27451
-10.81461, -8.16072, 0.75786, 1.27789
-10.84685, -8.25612, 0.76025, 1.27882
-10.87732, -8.35230, 0.76626, 1.27706
-10.90603, -8.44925, 0.77637, 1.27171
-10.93341, -8.54676, 0.79078, 1.26278
-10.95999, -8.64458, 0.80970, 1.25044
-10.98628, -8.74247, 0.83325, 1.23496
-11.01282, -8.84017, 0.86143, 1.21719
-11.04011, -8.93745, 0.89532, 1.19808
-11.06868, -9.03406, 0.93284, 1.17860
-11.09905, -9.12976, 0.97503, 1.15970
-11.13174, -9.22429, 1.03072, 1.14230
-11.16726, -9.31741, 1.05218, 1.12758
-11.20614, -9.40888, 1.05895, 1.11602
-11.24890, -9.49845, 1.11204, 1.10865
-11.29606, -9.58588, 1.12374, 1.10910
-11.34814, -9.67091, 1.14259, 1.11220
-11.40555, -9.75329, 1.19034, 1.13009
-11.46816, -9.83265, 1.19313, 1.17931
-11.53565, -9.90857, 1.18783, 1.21476
-11.60767, -9.98065, 1.21007, 1.26577
-11.68391, -10.04849, 1.24504, 1.36614
-11.76403, -10.11167, 1.24797, 1.47937
-11.84770, -10.16979, 1.24417, 1.54258
-11.93460, -10.22244, 1.25848, 1.61649
-12.02439, -10.26922, 1.28121, 1.72880
-12.11674, -10.30971, 1.27974, 1.78578
-12.21133, -10.34364, 1.27448, 1.88546
-12.30784, -10.37116, 1.27428, 2.00361
-12.40597, -10.39254, 1.27437, 2.08133
-12.50541, -10.40803, 1.27675, 2.18074
-12.60584, -10.41790, 1.27982, 2.24490
-12.70695, -10.42240, 1.28156, 2.27738
-12.80844, -10.42181, 1.28025, 2.39498
-12.90998, -10.41638, 1.27842, 2.70569
-13.01129, -10.40637, 1.30125, 2.92704
-13.11200, -10.39183, 1.32250, 3.00650
-13.21177, -10.37262, 1.32149, 3.05357
-13.31021, -10.34855, 1.37298, 2.91067
-13.40696, -10.31946, 1.40563, 2.74019
-13.50166, -10.28517, 1.39601, 2.63214
-13.59392, -10.24553, 1.39812, 2.51290
-13.68339, -10.20034, 1.40155, 2.39729
-13.76969, -10.14945, 1.40377, 2.28871
-13.85247, -10.09274, 1.40751, 2.18437
-13.93154, -10.03048, 1.41165, 2.08603
-14.00676, -9.96312, 1.41408, 1.99342
-14.07799, -9.89108, 1.42676, 1.90766
-14.14510, -9.81481, 1.44361, 1.82703
-14.20794, -9.73475, 1.44225, 1.75162
-14.26639, -9.65135, 1.44049, 1.69356
-14.32030, -9.56503, 1.44366, 1.60369
-14.36954, -9.47624, 1.44685, 1.49299
-14.41397, -9.38542, 1.44732, 1.44510
-14.45352, -9.29297, 1.44539, 1.36802
-14.48840, -9.19908, 1.44650, 1.29416
-14.51895, -9.10388, 1.44802, 1.26194
-14.54547, -9.00750, 1.43900, 1.19992
-14.56828, -8.91006, 1.43682, 1.15752
-14.58770, -8.81171, 1.43586, 1.13892
-14.60405, -8.71256, 1.42437, 1.11658
-14.61764, -8.61275, 1.41412, 1.09770
-14.62879, -8.51240, 1.41184, 1.08176
-14.63782, -8.41165, 1.40911, 1.06746
-14.64505, -8.31062, 1.39803, 1.05503
-14.65079, -8.20945, 1.38820, 1.04403
-14.65536, -8.10826, 1.37956, 1.03426
-14.65908, -8.00719, 1.37054, 1.02554
-14.66213, -7.90629, 1.36158, 1.01777
-14.66456, -7.80557, 1.35290, 1.01106
-14.66639, -7.70501, 1.34265, 1.00551
-14.66765, -7.60459, 1.33582, 1.00119
-14.66836, -7.50432, 1.33593, 0.99822
-14.66855, -7.40417, 1.32864, 0.99674
-14.66825, -7.30413, 1.31821, 0.99659
-14.66748, -7.20419, 1.31002, 0.99839
-14.66627, -7.10433, 1.30203, 1.00186
-14.66465, -7.00456, 1.29474, 1.00282
-14.66264, -6.90484, 1.28838, 1.00420
-14.66027, -6.80518, 1.28292, 1.00844
-14.65757, -6.70556, 1.27836, 1.01364
-14.65455, -6.60596, 1.27459, 1.01992
-14.65126, -6.50637, 1.27153, 1.02730
-14.64772, -6.40679, 1.26910, 1.03554
-14.64394, -6.30720, 1.26720, 1.04456
-14.63997, -6.20759, 1.26575, 1.05438
-14.63581, -6.10794, 1.26465, 1.06430
-14.63150, -6.00825, 1.26381, 1.07519
-14.62704, -5.90853, 1.26312, 1.08756
-14.62243, -5.80878, 1.26249, 1.09045
-14.61770, -5.70900, 1.26182, 1.09228
-14.61284, -5.60919, 1.26103, 1.10303
-14.60786, -5.50935, 1.26003, 1.11300
-14.60278, -5.40949, 1.25874, 1.12238
-14.59761, -5.30961, 1.25708, 1.13204
-14.59235, -5.20970, 1.25496, 1.14135
-14.58701, -5.10978, 1.25229, 1.15040
-14.58161, -5.00985, 1.24899, 1.15873
-14.57615, -4.90990, 1.24498, 1.16722
-14.57064, -4.80994, 1.24017, 1.17475
-14.56509, -4.70997, 1.23447, 1.17584
-14.55951, -4.61000, 1.22780, 1.17779
-14.55392, -4.51001, 1.22009, 1.18353
-14.54831, -4.41003, 1.21123, 1.18730
